{
  "candidate_protocol": "train_item_universe",
  "metrics": {
    "by_prefix_length": {
      "prefix_1": {
        "HitRate@10": 0.20039469650521152,
        "HitRate@20": 0.24411787247087677,
        "HitRate@5": 0.1567864806866953,
        "MRR@10": 0.10212435251282201,
        "MRR@20": 0.10516626349028053,
        "MRR@5": 0.09630914060903331,
        "NDCG@10": 0.1254361474526117,
        "NDCG@20": 0.13650062611849217,
        "NDCG@5": 0.11133895084271524,
        "Recall@10": 0.20039469650521152,
        "Recall@20": 0.24411787247087677,
        "Recall@5": 0.1567864806866953
      },
      "prefix_2": {
        "HitRate@10": 0.11432225063938618,
        "HitRate@20": 0.15554134697357203,
        "HitRate@5": 0.08341858482523444,
        "MRR@10": 0.05090522199217851,
        "MRR@20": 0.053757565963631425,
        "MRR@5": 0.04678246660983234,
        "NDCG@10": 0.06584271934080099,
        "NDCG@20": 0.07625392300603476,
        "NDCG@5": 0.0558519958485074,
        "Recall@10": 0.11432225063938618,
        "Recall@20": 0.15554134697357203,
        "Recall@5": 0.08341858482523444
      },
      "prefix_3_5": {
        "HitRate@10": 0.12600233407371156,
        "HitRate@20": 0.17046267364379022,
        "HitRate@5": 0.08873244738922562,
        "MRR@10": 0.05526451341494823,
        "MRR@20": 0.058345692695683876,
        "MRR@5": 0.05031497446322579,
        "NDCG@10": 0.0718613288242776,
        "NDCG@20": 0.08309703021463158,
        "NDCG@5": 0.05983393110346143,
        "Recall@10": 0.12600233407371156,
        "Recall@20": 0.17046267364379022,
        "Recall@5": 0.08873244738922562
      },
      "prefix_6_plus": {
        "HitRate@10": 0.060144524735964426,
        "HitRate@20": 0.08904947192884936,
        "HitRate@5": 0.0386881600889383,
        "MRR@10": 0.024140718976738987,
        "MRR@20": 0.026126968473585185,
        "MRR@5": 0.021274164659378668,
        "NDCG@10": 0.03250672029943139,
        "NDCG@20": 0.03978982496974903,
        "NDCG@5": 0.025565136481191703,
        "Recall@10": 0.060144524735964426,
        "Recall@20": 0.08904947192884936,
        "Recall@5": 0.0386881600889383
      }
    },
    "by_session_length": {
      "session_long_7_plus": {
        "HitRate@10": 0.08815747698169119,
        "HitRate@20": 0.12282781246692771,
        "HitRate@5": 0.060048682400253996,
        "MRR@10": 0.037493301550344624,
        "MRR@20": 0.03989017311978905,
        "MRR@5": 0.03373161181077363,
        "NDCG@10": 0.049332909660327814,
        "NDCG@20": 0.0580874127893819,
        "NDCG@5": 0.04023281797910151,
        "Recall@10": 0.08815747698169119,
        "Recall@20": 0.12282781246692771,
        "Recall@5": 0.060048682400253996
      },
      "session_medium_4_6": {
        "HitRate@10": 0.1442093015942895,
        "HitRate@20": 0.18952234206471494,
        "HitRate@5": 0.10505958932109054,
        "MRR@10": 0.06547436863071592,
        "MRR@20": 0.06861647681130814,
        "MRR@5": 0.06026015953376728,
        "NDCG@10": 0.0840179981663579,
        "NDCG@20": 0.09547093637682678,
        "NDCG@5": 0.07136881408956727,
        "Recall@10": 0.1442093015942895,
        "Recall@20": 0.18952234206471494,
        "Recall@5": 0.10505958932109054
      },
      "session_short_2_3": {
        "HitRate@10": 0.18662519440124417,
        "HitRate@20": 0.2291143278701599,
        "HitRate@5": 0.14680783187781632,
        "MRR@10": 0.09551018577068343,
        "MRR@20": 0.09846032605187659,
        "MRR@5": 0.09021613430633647,
        "NDCG@10": 0.11713702300575841,
        "NDCG@20": 0.12788175394871873,
        "NDCG@5": 0.10428151538362247,
        "Recall@10": 0.18662519440124417,
        "Recall@20": 0.2291143278701599,
        "Recall@5": 0.14680783187781632
      }
    },
    "candidate_count": 100472,
    "num_examples": 129200,
    "overall": {
      "HitRate@10": 0.14017801857585138,
      "HitRate@20": 0.1805030959752322,
      "HitRate@5": 0.10480650154798761,
      "MRR@10": 0.06690200685537373,
      "MRR@20": 0.06969708205051596,
      "MRR@5": 0.062187951496388026,
      "NDCG@10": 0.08419102111781226,
      "NDCG@20": 0.09438229529797101,
      "NDCG@5": 0.07275955313339923,
      "Recall@10": 0.14017801857585138,
      "Recall@20": 0.1805030959752322,
      "Recall@5": 0.10480650154798761
    },
    "runtime_seconds": 27954.210025310516,
    "split": "test"
  },
  "model_config": {
    "exclude_seen": true,
    "similarity": "cosine"
  },
  "model_name": "cooccurrence",
  "num_eval_examples": 129200,
  "num_train_rows": 679881,
  "split": "test",
  "warm_start_only": false
}