{
  "candidate_protocol": "train_item_universe",
  "metrics": {
    "by_prefix_length": {
      "prefix_1": {
        "HitRate@10": 0.21656575720416923,
        "HitRate@20": 0.23812078479460455,
        "HitRate@5": 0.18180947271612508,
        "MRR@10": 0.12225341808754975,
        "MRR@20": 0.12380267487789778,
        "MRR@5": 0.11753046443899448,
        "NDCG@10": 0.14486470526957054,
        "NDCG@20": 0.15038169796973203,
        "NDCG@5": 0.13354144041476856,
        "Recall@10": 0.21656575720416923,
        "Recall@20": 0.23812078479460455,
        "Recall@5": 0.18180947271612508
      },
      "prefix_2": {
        "HitRate@10": 0.10907928388746803,
        "HitRate@20": 0.12587382779198636,
        "HitRate@5": 0.08384484228473998,
        "MRR@10": 0.05482142857142857,
        "MRR@20": 0.05602604706569297,
        "MRR@5": 0.05141872691105428,
        "NDCG@10": 0.06765142449072255,
        "NDCG@20": 0.07194702038395102,
        "NDCG@5": 0.05945616631167526,
        "Recall@10": 0.10907928388746803,
        "Recall@20": 0.12587382779198636,
        "Recall@5": 0.08384484228473998
      },
      "prefix_3_5": {
        "HitRate@10": 0.11000263524451305,
        "HitRate@20": 0.12513646801942552,
        "HitRate@5": 0.08572073937431766,
        "MRR@10": 0.05675765430970039,
        "MRR@20": 0.057833031227992784,
        "MRR@5": 0.05342456298861825,
        "NDCG@10": 0.06938514044736308,
        "NDCG@20": 0.07324247279623086,
        "NDCG@5": 0.06143973559265801,
        "Recall@10": 0.11000263524451305,
        "Recall@20": 0.12513646801942552,
        "Recall@5": 0.08572073937431766
      },
      "prefix_6_plus": {
        "HitRate@10": 0.06963127663516769,
        "HitRate@20": 0.07989623865110246,
        "HitRate@5": 0.05425236242356865,
        "MRR@10": 0.03505067483110841,
        "MRR@20": 0.03578750606999015,
        "MRR@5": 0.032961521833117166,
        "NDCG@10": 0.04324410979081723,
        "NDCG@20": 0.04586969504641849,
        "NDCG@5": 0.03823417987439312,
        "Recall@10": 0.06963127663516769,
        "Recall@20": 0.07989623865110246,
        "Recall@5": 0.05425236242356865
      }
    },
    "by_session_length": {
      "session_long_7_plus": {
        "HitRate@10": 0.09150174621653084,
        "HitRate@20": 0.10468832680706953,
        "HitRate@5": 0.07109747063181289,
        "MRR@10": 0.046426160826626484,
        "MRR@20": 0.04736933126922059,
        "MRR@5": 0.04363812749144531,
        "NDCG@10": 0.05710821382926445,
        "NDCG@20": 0.060477000093715524,
        "NDCG@5": 0.05044506766643183,
        "Recall@10": 0.09150174621653084,
        "Recall@20": 0.10468832680706953,
        "Recall@5": 0.07109747063181289
      },
      "session_medium_4_6": {
        "HitRate@10": 0.14188233074431622,
        "HitRate@20": 0.1599320776076224,
        "HitRate@5": 0.11361277947234363,
        "MRR@10": 0.07409086167301318,
        "MRR@20": 0.07537206093761795,
        "MRR@5": 0.070264561911051,
        "NDCG@10": 0.09021644871923083,
        "NDCG@20": 0.09481550551165702,
        "NDCG@5": 0.08102129194250685,
        "Recall@10": 0.14188233074431622,
        "Recall@20": 0.1599320776076224,
        "Recall@5": 0.11361277947234363
      },
      "session_short_2_3": {
        "HitRate@10": 0.19595645412130638,
        "HitRate@20": 0.21591498185588387,
        "HitRate@5": 0.16399489572117876,
        "MRR@10": 0.11107169283685614,
        "MRR@20": 0.11251254068478564,
        "MRR@5": 0.10672827690712607,
        "NDCG@10": 0.13141225139184168,
        "NDCG@20": 0.13652885999429426,
        "NDCG@5": 0.1209988083361954,
        "Recall@10": 0.19595645412130638,
        "Recall@20": 0.21591498185588387,
        "Recall@5": 0.16399489572117876
      }
    },
    "candidate_count": 100472,
    "num_examples": 129200,
    "overall": {
      "HitRate@10": 0.14445046439628484,
      "HitRate@20": 0.16146284829721363,
      "HitRate@5": 0.11762383900928793,
      "MRR@10": 0.07833016364440513,
      "MRR@20": 0.07954972856963045,
      "MRR@5": 0.0746827915376677,
      "NDCG@10": 0.09410140018877929,
      "NDCG@20": 0.09845148764982685,
      "NDCG@5": 0.0853592071227382,
      "Recall@10": 0.14445046439628484,
      "Recall@20": 0.16146284829721363,
      "Recall@5": 0.11762383900928793
    },
    "runtime_seconds": 2982.6109941005707,
    "split": "test"
  },
  "model_config": {
    "alpha": 0.0,
    "exclude_seen": true
  },
  "model_name": "markov",
  "num_eval_examples": 129200,
  "num_train_rows": 679881,
  "split": "test",
  "warm_start_only": false
}