{
  "candidate_protocol": "train_item_universe",
  "metrics": {
    "by_prefix_length": {
      "prefix_1": {
        "HitRate@10": 0.007242489270386266,
        "HitRate@20": 0.01059549356223176,
        "HitRate@5": 0.002299202942979767,
        "MRR@10": 0.0013445699273987135,
        "MRR@20": 0.0015951953682096422,
        "MRR@5": 0.0006651721847537299,
        "NDCG@10": 0.0026801622404619856,
        "NDCG@20": 0.003548500662768687,
        "NDCG@5": 0.001062728488445048,
        "Recall@10": 0.007242489270386266,
        "Recall@20": 0.01059549356223176,
        "Recall@5": 0.002299202942979767
      },
      "prefix_2": {
        "HitRate@10": 0.003964194373401534,
        "HitRate@20": 0.005711849957374254,
        "HitRate@5": 0.0014492753623188406,
        "MRR@10": 0.0007299828143817914,
        "MRR@20": 0.0008478685224625221,
        "MRR@5": 0.00038576300085251496,
        "NDCG@10": 0.0014644979225451604,
        "NDCG@20": 0.0019012107116206697,
        "NDCG@5": 0.000642816305203111,
        "Recall@10": 0.003964194373401534,
        "Recall@20": 0.005711849957374254,
        "Recall@5": 0.0014492753623188406
      },
      "prefix_3_5": {
        "HitRate@10": 0.004517562022361932,
        "HitRate@20": 0.006475172232052103,
        "HitRate@5": 0.0016187930580130257,
        "MRR@10": 0.0007909617686374829,
        "MRR@20": 0.0009196870850219878,
        "MRR@5": 0.0004103452170312088,
        "NDCG@10": 0.0016319751795887535,
        "NDCG@20": 0.0021169652187453263,
        "NDCG@5": 0.0007004468447093593,
        "Recall@10": 0.004517562022361932,
        "Recall@20": 0.006475172232052103,
        "Recall@5": 0.0016187930580130257
      },
      "prefix_6_plus": {
        "HitRate@10": 0.005076894571057995,
        "HitRate@20": 0.00663331480452103,
        "HitRate@5": 0.003261070965351121,
        "MRR@10": 0.0011127434112425773,
        "MRR@20": 0.001211918130166486,
        "MRR@5": 0.0008714718053239454,
        "NDCG@10": 0.0020305622031332104,
        "NDCG@20": 0.0024122821908388356,
        "NDCG@5": 0.0014445021757501873,
        "Recall@10": 0.005076894571057995,
        "Recall@20": 0.00663331480452103,
        "Recall@5": 0.003261070965351121
      }
    },
    "by_session_length": {
      "session_long_7_plus": {
        "HitRate@10": 0.005926553074399407,
        "HitRate@20": 0.00789501534553921,
        "HitRate@5": 0.003069107842099693,
        "MRR@10": 0.0011975652080425073,
        "MRR@20": 0.0013178464701190417,
        "MRR@5": 0.0008120788795992521,
        "NDCG@10": 0.0022825061969894795,
        "NDCG@20": 0.0027587600519366163,
        "NDCG@5": 0.0013539757414263015,
        "Recall@10": 0.005926553074399407,
        "Recall@20": 0.00789501534553921,
        "Recall@5": 0.003069107842099693
      },
      "session_medium_4_6": {
        "HitRate@10": 0.00512562498034653,
        "HitRate@20": 0.007452595830319801,
        "HitRate@5": 0.0017295053614666206,
        "MRR@10": 0.0009349810802595307,
        "MRR@20": 0.0011078664305841964,
        "MRR@5": 0.00047797239080532057,
        "NDCG@10": 0.0018840004949864497,
        "NDCG@20": 0.0024852636310084895,
        "NDCG@5": 0.0007820166674333454,
        "Recall@10": 0.00512562498034653,
        "Recall@20": 0.007452595830319801,
        "Recall@5": 0.0017295053614666206
      },
      "session_short_2_3": {
        "HitRate@10": 0.0056824979064481395,
        "HitRate@20": 0.008533716154244926,
        "HitRate@5": 0.0016947800773617259,
        "MRR@10": 0.0010373367488453024,
        "MRR@20": 0.0012518996318692018,
        "MRR@5": 0.0004908216027967195,
        "NDCG@10": 0.002086272712968758,
        "NDCG@20": 0.002826547125408061,
        "NDCG@5": 0.0007834820870297286,
        "Recall@10": 0.0056824979064481395,
        "Recall@20": 0.008533716154244926,
        "Recall@5": 0.0016947800773617259
      }
    },
    "candidate_count": 100472,
    "num_examples": 129200,
    "overall": {
      "HitRate@10": 0.005634674922600619,
      "HitRate@20": 0.00803405572755418,
      "HitRate@5": 0.0022058823529411764,
      "MRR@10": 0.001070734434124527,
      "MRR@20": 0.0012405626236575086,
      "MRR@5": 0.0006051341589267287,
      "NDCG@10": 0.0021082432404339563,
      "NDCG@20": 0.002717756438940885,
      "NDCG@5": 0.000991735731715344,
      "Recall@10": 0.005634674922600619,
      "Recall@20": 0.00803405572755418,
      "Recall@5": 0.0022058823529411764
    },
    "runtime_seconds": 3939.1190481185913,
    "split": "test"
  },
  "model_config": {
    "exclude_seen": true
  },
  "model_name": "popularity",
  "num_eval_examples": 129200,
  "num_train_rows": 679881,
  "split": "test",
  "warm_start_only": false
}