{
  "candidate_protocol": "train_item_universe",
  "metrics": {
    "by_prefix_length": {
      "prefix_1": {
        "HitRate@10": 0.2378525444512569,
        "HitRate@20": 0.2791040772532189,
        "HitRate@5": 0.1914086450030656,
        "MRR@10": 0.12523448220489913,
        "MRR@20": 0.1281092323263982,
        "MRR@5": 0.11900610566114858,
        "NDCG@10": 0.15205799674480946,
        "NDCG@20": 0.16250344560332325,
        "NDCG@5": 0.13700874436783805,
        "Recall@10": 0.2378525444512569,
        "Recall@20": 0.2791040772532189,
        "Recall@5": 0.1914086450030656
      },
      "prefix_2": {
        "HitRate@10": 0.1403239556692242,
        "HitRate@20": 0.18128729752770673,
        "HitRate@5": 0.09919011082693947,
        "MRR@10": 0.06195548992543877,
        "MRR@20": 0.06481759472208765,
        "MRR@5": 0.056504688832054555,
        "NDCG@10": 0.0803079032095511,
        "NDCG@20": 0.09068887267656535,
        "NDCG@5": 0.06704618035257348,
        "Recall@10": 0.1403239556692242,
        "Recall@20": 0.18128729752770673,
        "Recall@5": 0.09919011082693947
      },
      "prefix_3_5": {
        "HitRate@10": 0.15307005985769678,
        "HitRate@20": 0.198772728983925,
        "HitRate@5": 0.10744268343184128,
        "MRR@10": 0.06711038567191863,
        "MRR@20": 0.0702947363194589,
        "MRR@5": 0.06103853731380742,
        "NDCG@10": 0.08724557560816741,
        "NDCG@20": 0.09881691906138229,
        "NDCG@5": 0.07250960060358318,
        "Recall@10": 0.15307005985769678,
        "Recall@20": 0.198772728983925,
        "Recall@5": 0.10744268343184128
      },
      "prefix_6_plus": {
        "HitRate@10": 0.08834537706133037,
        "HitRate@20": 0.12499536779692422,
        "HitRate@5": 0.05899573837317028,
        "MRR@10": 0.03573169691568802,
        "MRR@20": 0.03826733822011126,
        "MRR@5": 0.03184114631585449,
        "NDCG@10": 0.048002655853953115,
        "NDCG@20": 0.057259729922202206,
        "NDCG@5": 0.038538348475426844,
        "Recall@10": 0.08834537706133037,
        "Recall@20": 0.12499536779692422,
        "Recall@5": 0.05899573837317028
      }
    },
    "by_session_length": {
      "session_long_7_plus": {
        "HitRate@10": 0.11677426182664832,
        "HitRate@20": 0.15641866864218437,
        "HitRate@5": 0.08074928563869192,
        "MRR@10": 0.049693819955752436,
        "MRR@20": 0.0524436703813074,
        "MRR@5": 0.04491127808939218,
        "NDCG@10": 0.06537866240447257,
        "NDCG@20": 0.07540031125142196,
        "NDCG@5": 0.05375487112210865,
        "Recall@10": 0.11677426182664832,
        "Recall@20": 0.15641866864218437,
        "Recall@5": 0.08074928563869192
      },
      "session_medium_4_6": {
        "HitRate@10": 0.175025942580422,
        "HitRate@20": 0.22112512185151412,
        "HitRate@5": 0.12889531775730323,
        "MRR@10": 0.08120246043974857,
        "MRR@20": 0.08442804129564034,
        "MRR@5": 0.0750662977055229,
        "NDCG@10": 0.10328894274201737,
        "NDCG@20": 0.11497793519318006,
        "NDCG@5": 0.08839319918752467,
        "Recall@10": 0.175025942580422,
        "Recall@20": 0.22112512185151412,
        "Recall@5": 0.12889531775730323
      },
      "session_short_2_3": {
        "HitRate@10": 0.2207799976073693,
        "HitRate@20": 0.26021852693703396,
        "HitRate@5": 0.1764365753479284,
        "MRR@10": 0.11577307765099368,
        "MRR@20": 0.1185186362020081,
        "MRR@5": 0.10982872751924075,
        "NDCG@10": 0.14075813883362523,
        "NDCG@20": 0.1507410654533486,
        "NDCG@5": 0.1263917657222446,
        "Recall@10": 0.2207799976073693,
        "Recall@20": 0.26021852693703396,
        "Recall@5": 0.1764365753479284
      }
    },
    "candidate_count": 100472,
    "num_examples": 129200,
    "overall": {
      "HitRate@10": 0.17148606811145511,
      "HitRate@20": 0.21263931888544893,
      "HitRate@5": 0.12974458204334366,
      "MRR@10": 0.08310051783871444,
      "MRR@20": 0.08596579743407927,
      "MRR@5": 0.07753379772961816,
      "NDCG@10": 0.10397128690789349,
      "NDCG@20": 0.11438830045587459,
      "NDCG@5": 0.09047750488823492,
      "Recall@10": 0.17148606811145511,
      "Recall@20": 0.21263931888544893,
      "Recall@5": 0.12974458204334366
    },
    "runtime_seconds": 2540.7865829467773,
    "split": "test"
  },
  "model_config": {
    "exclude_seen": true,
    "max_candidate_sessions": 10000,
    "neighbors": 100,
    "recency_decay": 0.7
  },
  "model_name": "session_knn_sequence",
  "num_eval_examples": 129200,
  "num_train_rows": 679881,
  "split": "test",
  "warm_start_only": false
}