{
  "candidate_protocol": "train_item_universe",
  "metrics": {
    "by_prefix_length": {
      "prefix_1": {
        "HitRate@10": 0.253525444512569,
        "HitRate@20": 0.29470033721643163,
        "HitRate@5": 0.20125689760882895,
        "MRR@10": 0.1326164823046529,
        "MRR@20": 0.13550262412494407,
        "MRR@5": 0.1255441446965052,
        "NDCG@10": 0.16137257084152876,
        "NDCG@20": 0.17181902261923251,
        "NDCG@5": 0.1443737040349831,
        "Recall@10": 0.253525444512569,
        "Recall@20": 0.29470033721643163,
        "Recall@5": 0.20125689760882895
      },
      "prefix_2": {
        "HitRate@10": 0.14744245524296676,
        "HitRate@20": 0.19160272804774084,
        "HitRate@5": 0.10400682011935208,
        "MRR@10": 0.06431419910959553,
        "MRR@20": 0.0673790419011601,
        "MRR@5": 0.058538647342995166,
        "NDCG@10": 0.08380660881410207,
        "NDCG@20": 0.09497317870405636,
        "NDCG@5": 0.06977984666349536,
        "Recall@10": 0.14744245524296676,
        "Recall@20": 0.19160272804774084,
        "Recall@5": 0.10400682011935208
      },
      "prefix_3_5": {
        "HitRate@10": 0.15329593795881488,
        "HitRate@20": 0.20460791326280917,
        "HitRate@5": 0.10665211007792795,
        "MRR@10": 0.06480645891856975,
        "MRR@20": 0.06838573916362378,
        "MRR@5": 0.05862791602354152,
        "NDCG@10": 0.0855241874760286,
        "NDCG@20": 0.09852136202757568,
        "NDCG@5": 0.07048776267192262,
        "Recall@10": 0.15329593795881488,
        "Recall@20": 0.20460791326280917,
        "Recall@5": 0.10665211007792795
      },
      "prefix_6_plus": {
        "HitRate@10": 0.06640726329442283,
        "HitRate@20": 0.09949972206781545,
        "HitRate@5": 0.04317213266629609,
        "MRR@10": 0.026272870583598767,
        "MRR@20": 0.02854719372325473,
        "MRR@5": 0.02321968995120746,
        "NDCG@10": 0.035585252585075215,
        "NDCG@20": 0.043923436176835966,
        "NDCG@5": 0.028118771585588478,
        "Recall@10": 0.06640726329442283,
        "Recall@20": 0.09949972206781545,
        "Recall@5": 0.04317213266629609
      }
    },
    "by_session_length": {
      "session_long_7_plus": {
        "HitRate@10": 0.10477299185098952,
        "HitRate@20": 0.14426923483966558,
        "HitRate@5": 0.07181712350513282,
        "MRR@10": 0.044054019321772525,
        "MRR@20": 0.04678928847412612,
        "MRR@5": 0.039677920062087695,
        "NDCG@10": 0.05823852351915914,
        "NDCG@20": 0.06821717085120285,
        "NDCG@5": 0.04760300761168369,
        "Recall@10": 0.10477299185098952,
        "Recall@20": 0.14426923483966558,
        "Recall@5": 0.07181712350513282
      },
      "session_medium_4_6": {
        "HitRate@10": 0.1832017861073551,
        "HitRate@20": 0.2312505896041005,
        "HitRate@5": 0.13310902172887645,
        "MRR@10": 0.08281389524039126,
        "MRR@20": 0.0861713729567801,
        "MRR@5": 0.07613911512216598,
        "NDCG@10": 0.10643796302404761,
        "NDCG@20": 0.11861495171712212,
        "NDCG@5": 0.09024936369949788,
        "Recall@10": 0.1832017861073551,
        "Recall@20": 0.2312505896041005,
        "Recall@5": 0.13310902172887645
      },
      "session_short_2_3": {
        "HitRate@10": 0.23485664154404434,
        "HitRate@20": 0.2756709335247438,
        "HitRate@5": 0.18574789647884515,
        "MRR@10": 0.12253979963933308,
        "MRR@20": 0.12539071515725586,
        "MRR@5": 0.1159179726442557,
        "NDCG@10": 0.1492242809603121,
        "NDCG@20": 0.15956756687979579,
        "NDCG@5": 0.13327580941079667,
        "Recall@10": 0.23485664154404434,
        "Recall@20": 0.2756709335247438,
        "Recall@5": 0.18574789647884515
      }
    },
    "candidate_count": 100472,
    "num_examples": 129200,
    "overall": {
      "HitRate@10": 0.17457430340557276,
      "HitRate@20": 0.216687306501548,
      "HitRate@5": 0.13113003095975231,
      "MRR@10": 0.08406159393581994,
      "MRR@20": 0.08699490474733486,
      "MRR@5": 0.07824793601651187,
      "NDCG@10": 0.10542188307332744,
      "NDCG@20": 0.11608317388320864,
      "NDCG@5": 0.09135711342732837,
      "Recall@10": 0.17457430340557276,
      "Recall@20": 0.216687306501548,
      "Recall@5": 0.13113003095975231
    },
    "runtime_seconds": 2661.0787739753723,
    "split": "test"
  },
  "model_config": {
    "exclude_seen": true,
    "max_candidate_sessions": 10000,
    "neighbors": 100,
    "recency_decay": null
  },
  "model_name": "session_knn_unordered",
  "num_eval_examples": 129200,
  "num_train_rows": 679881,
  "split": "test",
  "warm_start_only": false
}