{
  "candidate_protocol": "train_item_universe",
  "metrics": {
    "by_prefix_length": {
      "prefix_1": {
        "HitRate@10": 0.21656575720416923,
        "HitRate@20": 0.23812078479460455,
        "HitRate@5": 0.18180947271612508,
        "MRR@10": 0.12225341808754975,
        "MRR@20": 0.12380267487789778,
        "MRR@5": 0.11753046443899448,
        "NDCG@10": 0.14486470526957054,
        "NDCG@20": 0.15038169796973203,
        "NDCG@5": 0.13354144041476856,
        "Recall@10": 0.21656575720416923,
        "Recall@20": 0.23812078479460455,
        "Recall@5": 0.18180947271612508
      },
      "prefix_2": {
        "HitRate@10": 0.13286445012787723,
        "HitRate@20": 0.16206308610400683,
        "HitRate@5": 0.09863597612958226,
        "MRR@10": 0.06291918699847088,
        "MRR@20": 0.06498683798255528,
        "MRR@5": 0.058297101449275364,
        "NDCG@10": 0.07941213068048923,
        "NDCG@20": 0.08684620822280123,
        "NDCG@5": 0.06828869481420595,
        "Recall@10": 0.13286445012787723,
        "Recall@20": 0.16206308610400683,
        "Recall@5": 0.09863597612958226
      },
      "prefix_3_5": {
        "HitRate@10": 0.14715958287843994,
        "HitRate@20": 0.18266009110416745,
        "HitRate@5": 0.10672740277830065,
        "MRR@10": 0.06955288684762012,
        "MRR@20": 0.0720408673430268,
        "MRR@5": 0.06412867522493694,
        "NDCG@10": 0.08777579419099336,
        "NDCG@20": 0.09678136480423313,
        "NDCG@5": 0.07467271602242087,
        "Recall@10": 0.14715958287843994,
        "Recall@20": 0.18266009110416745,
        "Recall@5": 0.10672740277830065
      },
      "prefix_6_plus": {
        "HitRate@10": 0.08934593292569946,
        "HitRate@20": 0.11958495460440986,
        "HitRate@5": 0.062442097461552715,
        "MRR@10": 0.03924820079350374,
        "MRR@20": 0.041325969426944,
        "MRR@5": 0.035691433512445185,
        "NDCG@10": 0.05096576809914668,
        "NDCG@20": 0.05858537341381777,
        "NDCG@5": 0.04230003686675303,
        "Recall@10": 0.08934593292569946,
        "Recall@20": 0.11958495460440986,
        "Recall@5": 0.062442097461552715
      }
    },
    "by_session_length": {
      "session_long_7_plus": {
        "HitRate@10": 0.11287966980632871,
        "HitRate@20": 0.14452322997142555,
        "HitRate@5": 0.08187109747063182,
        "MRR@10": 0.05233884664036003,
        "MRR@20": 0.05453723316692746,
        "MRR@5": 0.04820227890076551,
        "NDCG@10": 0.06655749624175125,
        "NDCG@20": 0.07456079107056564,
        "NDCG@5": 0.056532296454264566,
        "Recall@10": 0.11287966980632871,
        "Recall@20": 0.14452322997142555,
        "Recall@5": 0.08187109747063182
      },
      "session_medium_4_6": {
        "HitRate@10": 0.16694443570956888,
        "HitRate@20": 0.1973837300713814,
        "HitRate@5": 0.12785761454042327,
        "MRR@10": 0.08272894233634462,
        "MRR@20": 0.08487624584835467,
        "MRR@5": 0.07744200916113748,
        "NDCG@10": 0.10264151616676004,
        "NDCG@20": 0.11038103000613977,
        "NDCG@5": 0.0899314066642089,
        "Recall@10": 0.16694443570956888,
        "Recall@20": 0.1973837300713814,
        "Recall@5": 0.12785761454042327
      },
      "session_short_2_3": {
        "HitRate@10": 0.20133987319057303,
        "HitRate@20": 0.2233919527854209,
        "HitRate@5": 0.16726482434102963,
        "MRR@10": 0.112847801786371,
        "MRR@20": 0.11443039827973597,
        "MRR@5": 0.10823330807778708,
        "NDCG@10": 0.13402869543573512,
        "NDCG@20": 0.13967004846783435,
        "NDCG@5": 0.12294270605956717,
        "Recall@10": 0.20133987319057303,
        "Recall@20": 0.2233919527854209,
        "Recall@5": 0.16726482434102963
      }
    },
    "candidate_count": 100472,
    "num_examples": 129200,
    "overall": {
      "HitRate@10": 0.16052631578947368,
      "HitRate@20": 0.1881501547987616,
      "HitRate@5": 0.12633900928792569,
      "MRR@10": 0.0833078990368077,
      "MRR@20": 0.08525466927644654,
      "MRR@5": 0.07870265737874096,
      "NDCG@10": 0.1016307039972487,
      "NDCG@20": 0.10865219288088149,
      "NDCG@5": 0.09053285982214991,
      "Recall@10": 0.16052631578947368,
      "Recall@20": 0.1881501547987616,
      "Recall@5": 0.12633900928792569
    },
    "runtime_seconds": 8687.346894741058,
    "split": "test"
  },
  "model_config": {
    "alpha": 0.0,
    "decay": 0.7,
    "exclude_seen": true
  },
  "model_name": "weighted_markov",
  "num_eval_examples": 129200,
  "num_train_rows": 679881,
  "split": "test",
  "warm_start_only": false
}